african-writing.com,<s> So the conductor opened the door and Breeze got down. </s>
the5arbuckles.com,<s> I kept thinking can''t we get water instead for free. </s>
shelltosea.com,<s> Another Shell truck has got stuck. </s>
wearephotographers.com,"<s> So, how do you get them? </s>"
themoviequotes.com,<s> But he should get one just like it. </s>
churchmilitant.com,<s> Credit Suisse got 8% of the cut owing to fees. </s>
j-medicalinfo.com,<s> Have you got low back pain? </s>
potterficweekly.com,<s> YouÕre forgetting what we got up to at that age. </s>
qprdot.org,<s> Caulker at least tries to get across him but is too late. </s>
thedivareview.com,"<s> She got it, you know? </s>"
katietalksabout.com,"<s> When I do get another one, I will remember this product. </s>"
bigresource.com,<s> Has anyone with Verizon and the Tour gotten this to work properly? </s>
jpfolks.com,<s> I''ve got a wife and I''ve got a real good family. </s>
ultrarob.com,<s> I did get a few strange looks from neighbors but no one came over. </s>
tradingfloor.com,<s> Do you have the same problem that certain orders simply do not get filled? </s>
ediblesacramento.com,"<s> If you can''t multi-task in a kitchen, you better get out. </s>"
caring.com,<s> They need to get here on time and stay the correct amount of time. </s>
marxist.com,<s> How far have they got ? </s>
artandperception.com,"<s> If the artist wants to get into art history texts, this is an intricate matter. </s>"
eguiders.com,<s> And don''t be surprised if you get a sudden craving for the shredded goodness. </s>
electoral-vote.com,<s> Carson can also get away with telling half-truths and baldfaced lies more easily than other candidates. </s>
chasesmith.co.uk,"<s> When the containers get chipped, the antimony is exposed, and antimony poisoning is a possibility. </s>"
greensonscreen.co.uk,<s> I think we have got to work hard together and make people will remember our name. </s>
theworldjog.com,<s> I only got 3 km before coming to the Ultramar service station I was unsure about last night. </s>
theatrebanshee.org,"<s> Q: I''m a student so I should get extra credit for seeing this, right? </s>"
mohicanpress.com,<s> The 77th was a useful vehicle to get us to the movie(and Grant''s Hill). </s>
guaranteedcappers.com,<s> And they have to try and get back up off the mat to face a 3-7 Bills team. </s>
jewishworldreview.com,"<s> They''ve got their own system, part public, the Health Service Executive, and part private option. </s>"
truthaboutit.net,<s> It can be argued that the Wizards have gotten stronger since the Pacers booted them out of the playoffs. </s>
nzherald.co.nz,"<s> Getting a refund usually takes little more than saying and repeating if necessary: ""I am a good customer. </s>"
legeros.com,"<s> If you''re a public employee, you can get fired or disciplined for stuff you say on Facebook. </s>"
parapundit.com,<s> We could make visas hard to get for Muslims and do much better border and interior enforcement of immigration laws. </s>
gutenberg.net.au,"<s> The wiser plan was to let Baillie get his Fife recruits, and then cut him off from the west. </s>"
memecode.com,<s> There is no easy way to work on the stability and completeness without getting myself into a lot of work. </s>
theasy.com,<s> The audience gets to relive their own summer camp experiences and revisit the joyful confusion of their own early teenage years. </s>
cgg.org,"<s> Your overlord get the first and the best off the top, and then you can go from there. </s>"
anorak.co.uk,"<s> So with that, we got to thinking about famous rock stars, pop singers and rappers before they were famous. </s>"
devhawk.net,<s> You can get the bits from XNA Creators Club Online (the XNA dev center has yet to be updated). </s>
today.com,"<s> Please, oh please get me through the next hour of my life without hurting anyone that is legally considered a minor! </s>"
thriveboston.com,"<s> The real tragedy is that Many people suffer for years without getting help, when change is right there at their fingertips. </s>"
jokesandlies.com,<s> A number of people declare this ghost gets pleasure from scaring folks who have the nerve to upset the quiet in Vanceburg. </s>
softpanorama.org,<s> The same year Case University Computing Center got IBM 650 and the same year Donald Knuth entered this college and he managed to start working at the Case University Computing Center. </s>
broadband.co.uk,"<s> It''s possible to get a rough idea of how fast they will be: divide your internet speed (in megabits per second) by eight, to convert it into megabytes (MB) per second. </s>"
theromancereviews.com,"<s> You''ll get the latest news and updates on what''s coming up from your favorites, and maybe even discover some new ones. </s>"
wordsforgood.org,"<s> They had planned to move in together, he said, but that summer his older sister took him to Zambia because he was getting into trouble, saying he would be away two weeks. </s>"
nbcnews.com,"<s> Spaceflight favors big rockets and small technology – but when technology gets small enough, it may act very differently from traditional satellites and spacecraft. </s>"
travel-alone.com,<s> I do not celebrate birthdays but i enjoy getting blessing in all shapes and forms so to all the people who wished me a Happy Birthday i sent out a blessing to you this morning. </s>
cargolaw.com,"<s> For almost 7 days, crew drifted off Cornish coast in tiny inflatable raft -- at the mercy of rough seas, battered by huge waves & high winds -- rescued by UK Royal Navy helicopter Sept. 14 morning, their 8 litres of water had run out -- had been storing their own urine to drink as last resort & food supplies had run out a day earlier -- dehydrated & suffering from hypothermia & seasickness -- rescued after getting weak signal on mobile phone at 9.18am yesterday & calling 999. </s>"
primequip.net,"<s> One the one hand, I''d be happy to leave the bolts as the primary fastening if I could get a really trick looking bolt. </s>"
flickdirect.co.uk,"<s> Jane Got a Gun centers on Jane Hammond, who has built a new life with her husband Bill ""Ham"" Hammond after being tormented by the ultra-violent Bishop Boys outlaw gang. </s>"
motorsport.com,"<s> That was achieved in a dramatic showdown in Abu Dhabi, aided by Ferrari''s strategy error that resulted in title favourite Fernando Alonso getting stuck behind Renault''s Vitaly Petrov. </s>"
rottenworks.com,<s> They both capture a car horn (so we know there traffic right outside the building) but only one gets the shot. </s>
born-today.com,"<s> I can''t get that live and I don''t have the time to take the tape, after I''ve finished recording it, into a little studio somewhere else where I can get a different kind of percussion sound. </s>"
euobserver.com,<s> Turned down by climate activist Greta Thunberg at the Nordic Council awards show in Stockholm on Tuesday evening (29 October) the Nordic prime ministers got a second chance the following morning to set things straight with their youth. </s>
ehelp.com,<s> Then better to select the proper transferring employer that only lets in you to get the correct movers handiest. visit the Packers and transferring corporations in DELHI that lets in you to get the first-rate movers with simple with none stress as properly. </s>
communist-party.org.uk,"<s> One of the areas we discussed in detail was the Liberal Democrats'' natural desire to form a coalition government, and we were, I have to say, dismayed that your leaders seem so keen to get in to bed with the Conservatives, a party wholly illiberal and regressive. </s>"
climateone.org,"<s> Greg Dalton: Kim Wasserman, what''s your community doing to get ready for the climate impacts, severe weather, climate readiness? </s>"
actingcareerstartup.com,"<s> In part 2 of this exclusive interview with Ward Acting Studio founder Wendy Ward, she talks about entrance requirements to get into her acting studio. </s>"
articlealley.com,"<s> Annie: By then, I was giving him so much attention that he felt he didn''t need to put any effort into getting me. </s>"
dcrainmaker.com,"<s> Plus, you can use it for more than just cycling as long as you''ve got a pole-like object to attach it too. </s>"
pointoflaw.com,"<s> This is before we get to the problem I have frequently raised in the past of what constitutes a ""pro-business"" decision. </s>"
azraelproject.com,"<s> Danu gets to see it in person (or would that be ''in nose''?), since it works up there, but I''ll never see it. </s>"
allbookstores.com,"<s> I understand that Deaf people have not had an easy time of communication, and I got that after the first chapter, but it is still belaboring the points in the 48th chapter. </s>"
dakkadakka.com,<s> I have the side doors also magentized so I could also field it as a Razorback if I get the rest of the bits painted up. </s>
tai.org.au,"<s> Like buying a house, it''s easy to get a free trade agreement if you don''t care what you get or how much you pay. </s>"
shaving-shack.com,<s> You can feel it tightening up your skin and like others have pointed out you get a gentle reminder of the areas where you''ve overdone it slightly. </s>
procanes.com,<s> So we got to thinking here at Going Deep about which running backs have accomplished that feat in recent seasons and what did they do for an encore? </s>
blogspot.com,<s> I fully take on board the argument that if your good enough you will get in a big team but English players values are hugely over flated for example Swansea managed to sign a young Michu for £2m where as a similar player if he was English would have likely to set them back double that you''d have thought. </s>
issuu.com,"<s> Man or woman, get your bespoke suit from Keyvan at Zebel''s on Fore Street – FYI, his other shop''s on Savile Row, yes, that one. </s>"
pulling-pints.co.uk,<s> Got a really busy pub or club then this versions for you cash five tills yes each till is balanced individually and the figures are collated into management reports. </s>
onthewater.com,<s> Gleason was hoping to get out and chase the bluefin soon as he had reports of a few anglers getting strikes on big poppers. </s>
shilohtv.com,<s> Just make it simple so you do not forget how to retrieve it and secure it so no one gets their hands on it. </s>
auz.net,<s> House sitting is taking off in a big way in certain countries and localities and without a doubt the opportunities are out there; it is simply a matter of getting started. </s>
toyota120.com,"<s> Since I have a Sport model, I can''t easily drop down to the 16"" wheels, to get a set of skinny 33"" treads. </s>"
nodepositcasinosbonus.net,"<s> Play free bingo tonight at Car Boot Bingo Sign up now and get £15 free, no deposit needed Play on Money Multiplier; 90 Ball; £010; £500000; Play Now . 13 Apr 2013 Compare the best no deposit bingo sites and find £300 worth of FREE bingo money up for grabs on loads of games today!. </s>"
floridajobs.org,<s> DEO went above and beyond to ensure that families impacted by Hurricane Irma were treated fairly and got the assistance that they deserved. </s>
classicalvalues.com,"<s> Anyway, I know I''ve banged this gong plenty already, but I will never, ever get used to this stuff. </s>"
futtrup.name,"<s> Only a few ones are on the streets asking for money to continue consuming drug; on the corner, a bad smelling, pale and haggard being is screaming; everything is normal; the card board collector gets to the garbage cans and picks up card board, bottles, and suddenly he sees a hand in the garbage, uncovers it with a wooden stick, looks at everywhere and runs away - a dead person! </s>"
whathifi.com,"<s> This swapping around of controllers gets a little annoying if you switch sources a lot, particularly as the app has to reconnect with the LS50s every time you switch back, rather than just working straight away. </s>"
aubg.edu,"<s> While growing up, he had the chance to get an insight of the marketing world, as his father was working in the industry, which is probably one of the reasons why marketing became so near and dear to his heart. </s>"
royalcaribbeanblog.com,"<s> Nevertheless, we stopped at a lolo in Grand Case-Cynthia''s Talk of the Town--and had a great lunch of chicken and ribs...more food than we bargained for, but we got to sample the grilling style on the French side of the island. </s>"
talk2someone.org.uk,"<s> The Women''s Aid website also contains a ""virtual refuge"" so you can get an idea of what life in a refuge is like. </s>"
edtracker.org.uk,"<s> NOTE: If you have no desire or intention to muck around with the C code that EDTracker uses, and you just want to get a device up and running with the minimum fuss, then stop here and jump to the instructions for flashing your device with the Update Tool. </s>"
hysteria-lives.co.uk,"<s> She wisely breaks up with him, as he kowtows to her bitchy, controlling mother and she wants to get away from her family somehow. </s>"
blogspot.com,"<s> See: Wednesday, June 3, 2015, In A Closed Library, A Tour of Much The Public Doesn''t Get To See- Don''t Let Them Close This Library, The Brooklyn Heights Library On Cadman Plaza West, Corner of Tillary & Clinton. 11. </s>"
homeschoolbuyersco-op.org,"<s> If you would like your child to become fluent in a foreign language, then you might want to get started early while language learning still comes easily for them. </s>"
christcenteredgamer.com,"<s> After you''ve completed the all the main levels and defeated the final boss, you are encouraged to revisit them to try to get better times. </s>"
thescifiworld.net,"<s> And, I mean, corporations across America are just trying to break unions and the contract talks that are coming up between SAG and also the writers, they''ve got such strong positions being the corporations do right now. </s>"
kersare.net,<s> he said hoping to get a smile out of his Captain. </s>
gutenberg.net.au,"<s> ""You haven''t got one; it''s in your money-chest"" </s>"
constructioncitizen.com,<s> I don''t get it </s>
kvdvmarketing.com,"<s> But within a few years, ""I was kind of anxious to get back into fighters again."" </s>"
advicenators.com,"<s> I''ve just kind of got a bad body image. :/ Thanks for any help, though!! </s>"
newsleader.com,"<s> ""I got into that one because one of my coaches said it would make me faster,"" he said. </s>"
articleweb55.com,<s> There are some initial preparations one has to do get the most out of his/her effort over the dating app. </s>
wordsforgood.org,"<s> If you want to learn more about just how nutty these people are getting (and how much more twisted they''re going to get ), read Animal Farm by George Orwell... </s>"
thebahamasweekly.com,"<s> Whereby a church leader can get up and emotionally entertain / move his or her congregation and no change takes place in the lives of the hearers, and even the preachers. </s>"
nevadabusiness.com,"<s> Hooper added that some travel ""to get treatment because it''s a great place to be for you and your family while you''re recovering or getting treatment."" </s>"
realityfanforum.com,<s> First I think S/V Will get on the first flight and get a huge lead in HK And the others team maybe will board on the same flight or the 2nd and 3th flight </s>
mwctoys.com,"<s> Firstly the hand held cannon, this is designed to look like a pistol version of the shoulder cannon because... well... that''s exactly what it is, the upper part is identical, but it comes with a more elaborate stock to make it more comfortable as a hand held bit of apparatus, next up is the cleaner case, (this opens up in a similar fashion to the medi-kit included with the battle damaged Predator 2), this is very nicely executed and shows some fantastic attention to detail on its opening mechanism and the contents held within, we also get his corrosive acid dispenser (this can be placed in the cleaner kit or the holder in his bandolier), a syringe (which comes apart, and can again be stored in the cleaner kit), his mask/helmet now bearing more damage from his encounter with the Predalien, a sculpted stand showing a half destroyed alien corpse (Mmmm, nice ''n'' corpsey!) and lastly but absolutely by no means leastly we now get a fantastic interchangeable pair of ''roaring'' mandibles. </s>"
