"interfire.org","<s> He was told some kids had taken items. </s>"
"lakedistrict.gov.uk","<s> The project took place between 2016 and 2018. </s>"
"house.gov","<s> That taking rights away does not necessarily improve security. </s>"
"washingtonpost.com","<s> Just 30 percent believe steps are taken to address poor performance. </s>"
"ayrshireroots.co.uk","<s> The crew were taken off by lifeboat. </s>"
"wearebroadcasters.com","<s> The final weekly workout takes place March 31. </s>"
"nrlc.org","<s> It takes 30 minutes from beginning to end. </s>"
"vavkud.com","<s> Always ready your testing materials when taking exams. </s>"
"skidsteerforum.com","<s> I believe that volumes measurements are taken at full rpm. </s>"
"owlcation.com","<s> The samples of gas are taken and analyzed. </s>"
"greatandhra.com","<s> Second half the movie takes a gripping turn. </s>"
"bytebot.net","<s> Takes number of steps to public transport. </s>"
"wrestleconnect.net","<s> I was really taken by that match. </s>"
"theeagleonline.com","<s> A report was taken for a marijuana drug violation. </s>"
"berkeleydailyplanet.com","<s> Many men take temporary jobs hundreds of miles away. </s>"
"batr.org","<s> He takes to the broadcast microphone everyday. </s>"
"durhamcollege.ca","<s> I easily took to photography more than anything else. </s>"
"astronomy.com","<s> Space shuttle astronauts took this orbital image in 1983. </s>"
"marathonguide.com","<s> I made several stops to take photos. </s>"
"pbs.org","<s> They kept detailed records and took nothing for granted. </s>"
"seablogger.com","<s> It takes a big country to contain such contrasts. </s>"
"freepatentsonline.com","<s> Two different actions are taken when the alarm limits are exceeded. </s>"
"sunnyislandbreezes.com","<s> The marriage was certain to take place. </s>"
"balkaninsight.com","<s> The scheme has yet to take off. </s>"
"roswellfanatics.net","<s> Liz stood swiftly and took a breath. </s>"
"wisedir.com","<s> Most vital projects usually take several actions to accomplish. </s>"
"bibleprobe.com","<s> Jan had taken a most risky step. </s>"
"civfed.org","<s> The vote was taken after the question was called. </s>"
"everything2.com","<s> The protagonist takes the poor thing under his protection. </s>"
"wikipedia.org","<s> This led to flooding which took several hundred lives. </s>"
"wikipedia.org","<s> The series first took shape in 1995. </s>"
"ebepe.com","<s> From June 27th to 29th several anniversary activities took place. </s>"
"pace.edu","<s> The Court has taken evidence by hearing witnesses. </s>"
"christiannewswire.com","<s> Jesus'' cross took place about 33 AD. </s>"
"eenews.net","<s> Liberal attorneys general spent the Obama years taking notes. </s>"
"ruralnetwork.scot","<s> The event takes place 4-6 November 2015. </s>"
"projectfledgeling.com","<s> Movement takes 1 momentum (plus vector effects). </s>"
"medworm.com","<s> Taking into account expected morphine concentrations enables improved individualised decision making. </s>"
"meades.org","<s> I should have taken several passes at it. </s>"
"jaytravels.net","<s> Here are three additional activities in which I took part. </s>"
"googobits.com","<s> Take advantage of your college''s free counselling services. </s>"
"digitalangeldonnadj.com","<s> It takes only one minute & is automated. </s>"
"rudecactus.com","<s> Wow, we took basically the same vacations! </s>"
"ticketvoid.com","<s> That''s why you should take every speeding ticket seriously. </s>"
"rappler.com","<s> If some groups had dispersed, others took their place. </s>"
"accessinfohub.com","<s> Does clutter take valuable space and leave you feeling overwhelmed? </s>"
"mrc.org","<s> He''s taking this weekend off for example. </s>"
"earthrainbownetwork.com","<s> The reviews below are taken from the websites I coordinate. </s>"
"takki.us","<s> Take good care of yourself and must rest more ok. </s>"
"assembly.wales","<s> Votes in the Assembly are usually taken electronically. </s>"
"cnn.com","<s> Historically, business cycles take nearly four years to unfold. </s>"
"claremont-courier.com","<s> The victim was not taken to a hospital. </s>"
"xenu-directory.net","<s> I thought my entire life had been taken from me. </s>"
"babyledweaning.com","<s> Well this morning he didnt take much notice! </s>"
"theparallaxreview.com","<s> I prefer romantic comedies that take relationships and love seriously. </s>"
"daisyfoundation.org","<s> Nancy took this same attitude with her teammates. </s>"
"motherbedford.com","<s> He set about taking control of the region. </s>"
"rappler.com","<s> We all took preventive measures, and awareness was spread. </s>"
"gocampingamerica.com","<s> Games and planned activities take place in season. </s>"
"battleofraymond.org","<s> The fight took place at Sacramento thirty miles from here. </s>"
"volvoforums.org.uk","<s> Took both brochures home and did a contrast and compare. </s>"
"wikidot.com","<s> Understanding is something that takes time to learn. </s>"
"project1947.com","<s> They took them home and photographed them immediately. </s>"
"howiehawkins.com","<s> More inspectors and legal actions will take money. </s>"
"toyvoyagers.com","<s> I took a picture with a pepper tree! </s>"
"lib.nh.us","<s> It took the entire summer to raise it. </s>"
"wikipedia.org","<s> Despite one false alarm, no enemy attack took place. </s>"
"instaforex.com","<s> Every human being needs time to take measured decisions. </s>"
"icrcanada.org","<s> However, testing on a large practical scale never took place. </s>"
"gov.yk.ca","<s> About 80 per cent of training takes place on the job. </s>"
"chattanoogan.com","<s> Special events will take place all weekend. </s>"
"apbr.org","<s> Could take this down to player level. </s>"
"uci.edu","<s> This paper takes up empirical elements of the concern. </s>"
"capitolfax.com","<s> Maybe people should pay more attention and take elections more seriously. </s>"
"pixmaker.com.au","<s> A series of pictures are taken with an ordinary digital camera. </s>"
"advent-episcopal.org","<s> To enter the divine life takes a new identity. </s>"
"washingtonpost.com","<s> The health care take over is in peril too. </s>"
"shotinthedark.info","<s> We must take over all medical delivery services completely. </s>"
"texas.gov","<s> Pat has always cheerfully taken on extra duties and new challenges. </s>"
"adult-fanfiction.org","<s> She felt them moving down stairs and he took another left. </s>"
"ucshrewsbury.ac.uk","<s> This will usually take place during the induction week. </s>"
"userfocus.co.uk","<s> Time taken shows the median time taken by participants. </s>"
"storiesofarda.com","<s> He took the letter, studying it. </s>"
"fastbrowser.net","<s> We were able to take her off allergy meds. </s>"
"mlesko.net","<s> It may even take a few months. </s>"
"colourfuldistractions.com.au","<s> A great place to take a break! </s>"
"populli.net","<s> There had been some additional perks to taking Chemistry. </s>"
"yai.org","<s> Lydia was taken advantage of while living independently in her community. </s>"
"sciencelakes.com","<s> It should not be taken with alcohol. </s>"
"randypeyser.com","<s> It took every affliction I had and changed it. </s>"
"sciencelearn.org.nz","<s> With larger mammals, it takes about 3 hours. </s>"
"sleeppassport.com","<s> Should you take prescription drugs for insomnia? </s>"
"niassembly.gov.uk","<s> Do you believe you are taking the right approach? </s>"
"westpointcoh.org","<s> I mean, my striker took a direct hit. </s>"
"norwayheritage.com","<s> Both of us were taken on board quite exhausted. </s>"
"adult-fanfiction.org","<s> Slowly Kendall took her panties off keeping her legs closed slightly. </s>"
"docplayer.net","<s> We take your questions and input seriously. </s>"
"controlled-drugs.co.uk","<s> This takes the Scottish total to 88. </s>"
"delawareonline.com","<s> Emergency medical services arrived soon after and took over. </s>"
"yolasite.com","<s> The attack took them all by surprise. </s>"
"stepno.com","<s> I didn''t take a single picture. </s>"
"umd.edu","<s> You are encouraged to take a full academic load. </s>"
"mtfca.com","<s> This takes away from the exponential rise of pressure. </s>"
"beansmart.com","<s> I feel like taking my business and mortgage elsewhere! </s>"
"caregivershome.com","<s> Consumers taking the drug were urged to contact their doctor immediately. </s>"
"bam.org","<s> She takes us traveling down a river of blood. </s>"
"concordmonitor.com","<s> We''re getting better at not taking risky shots. </s>"
"sciencebuddies.org","<s> Pictures can help you take accurate data. </s>"
"phish.net","<s> Maybe he''s just taking more risks? </s>"
"universityherald.com","<s> Her resignation will take effect Jan.24. </s>"
"acpionline.com","<s> Pokemon Go has taken the gaming world by storm. </s>"
"lensa.com","<s> Classes take place in small groups over video chat. </s>"
"bhsproject.co.uk","<s> As was customary his widow took over the business. </s>"
"fstoppers.com","<s> Of course customs and shipping took much longer than we expected. </s>"
"wikipedia.org","<s> The first professional baseball game in Japan took place. </s>"
"softpanorama.info","<s> Will taking the action I''m considering negatively impact others? </s>"
"usda.gov","<s> Take 2nd right onto 200 S and travel 0.3 miles. </s>"
"roswellfanatics.net","<s> The others nodded agreement, though Maria took the longest. </s>"
"alexanderpalace.org","<s> This picture was taken inside the stockade fence. </s>"
"gewar.net","<s> Firstly, everything Mike says should be taken lightly. </s>"
"stic-cil.org","<s> This law takes effect on July 1, 1999. </s>"
"americanroadcycling.org","<s> He takes his whining excuse mongering very seriously. </s>"
"mdjunction.com","<s> I took my last 10 mg viibryd yesterday. </s>"
"bay12forums.com","<s> Let''s take simple example, cabinet. </s>"
"usatoday.com","<s> Mill wasn''t taking the ATV anywhere. </s>"
"wikipedia.org","<s> His place was taken by Jack Miller. </s>"
"indymedia.ie","<s> In-service training takes place outside school time. </s>"
"newzealandgirls.net.nz","<s> He released a statement that those pictures were taken four years ago. </s>"
"tonehealth.org","<s> Taking Ibuprofen through self medication is nothing but inviting worst circumstances. </s>"
"advancedfertility.com","<s> Psychological or emotional side effects are pretty common while taking Clomid. </s>"
"how2heroes.com","<s> This time-lapse movie contains hundreds of photos taken during construction. </s>"
"anthrobase.com","<s> The course which such disputes take is highly formalised. </s>"
"hafny.org","<s> Appropriation has taken various turns over the past century. </s>"
"igem.org","<s> I take coffee with milk, no sugar. </s>"
"viridiandreams.net","<s> Marshal McCain took a seat at the table. </s>"
"familieslink.co.uk","<s> Usually closed last two weeks in September for stock taking . </s>"
"tvstudiohistory.co.uk","<s> Jonathan Ross took over as presenter in 1999. </s>"
"helovia.net","<s> Taking a breath, the shaman tries to calm herself. </s>"
"thewestonmercury.co.uk","<s> He wished Andy well in taking the helm. </s>"
"uloop.com","<s> Take the opportunity to see live, local talent performing. </s>"
"steps.ie","<s> The visits take place during the last week in November. </s>"
"onlineclarity.co.uk","<s> Don''t take your improved circumstances for granted. </s>"
"mncjobsindia.com","<s> Take sessions with lead trainer to train participants in India. </s>"
"brothersinarmsfiction.com","<s> It took up residence beside him, pacing his movement. </s>"
"niassembly.gov.uk","<s> This took place over two days in Belfast. </s>"
"linuxhint.com","<s> Before going ahead, take heed of a few things. </s>"
"wikipedia.org","<s> Recording for the album took place in-between 2001 and 2004. </s>"
"hardcorezen.info","<s> Takes a village to raise a Buddha. </s>"
"racintoday.com","<s> It''s taken us 10 steps ahead on the competition side. </s>"
"takelessons.com","<s> I had so much fun taking my singing lessons with Michael! </s>"
"cavitytrays.com","<s> Some remote area especially in Scotland can take several days longer. </s>"
"americandigest.org","<s> It''s taken me years to fit a bra. </s>"
"scienceblogs.com","<s> Do not take responsibility for yourself"". </s>"
"scaruffi.com","<s> And sometimes you can''t even take pictures inside. </s>"
"thefitnessmonster.com","<s> In the beginning, it took just 5 minutes. </s>"
"cornell.edu","<s> The Court''s policy discussion takes no account of this potential cost. </s>"
"addforums.com","<s> I take the medication to treat ADHD. </s>"
"abc-clio.com","<s> Extensive footnotes and bibliography take the reader to additional information. </s>"
"berkeley.edu","<s> It takes a lot to commit to it. </s>"
"slaveryimages.org","<s> The title translations we use are taken from the website. </s>"
"askforevidence.org","<s> But will these claims be properly taking evidence into account? </s>"
"ejfi.org","<s> How about our state taking care of us. </s>"
"krakow-info.com","<s> Climbing to the peak and back takes under six hours. </s>"
"snescentral.com","<s> Note that the prototype screenshots were taken with a camera. </s>"
"jimdo.com","<s> Calcium helps the plant take up the water. </s>"
"blogspot.com","<s> They took questions for about 25 minutes after the talk. </s>"
"nartrp.com","<s> Sheila Lewis I took and passed the test. </s>"
"kipkis.com","<s> These can take the place of name tags. </s>"
"rareddit.com","<s> My husband takes one of our cats for walks sometimes. </s>"
"christcenteredgamer.com","<s> It took lots of patience and perseverance to complete it. </s>"
"gutenberg.net.au","<s> Louis Mitchell took the night train for Pittsburgh. </s>"
"gohanssm.com","<s> Siege weapons are to take out or bypass enemy defenses. </s>"
"oceanofk.org","<s> Take one balloon and fill it with air. </s>"
"dearcupid.org","<s> It takes time to get through a breakup. </s>"
"spotteddogbandb.ca","<s> The pictures took me back to our visit last summer. </s>"
"packershome.com","<s> Takes away plays from the out side in. </s>"
"bestbgproperties.com","<s> Excellent investment opportunity you could take advantage of! </s>"
"chesschat.org","<s> They took months for games when there were no clocks. </s>"
"dotmoon.net","<s> He took out his wand and pointed it. </s>"
"neonatology.org","<s> It takes missionary work to accomplish results of that nature. </s>"
"monkly-business.net","<s> That didn''t take long, did it? </s>"
"communitytheater.org","<s> I take exception to the myth that money buys quality. </s>"
"newindianexpress.com","<s> But it has not taken off even after three years. </s>"
"ssbwiki.com","<s> It took almost a month to recover from the attack. </s>"
"usscouts.org","<s> Johnny takes the paper pieces and goes to his room. </s>"
"cherokeek12.net","<s> What extra steps will you take to keep buses clean? </s>"
"wikipedia.org","<s> Avery was taken to Auckland Hospital where he eventually recovered. </s>"
"pbsconsulting.com","<s> Like every other skill you''ve acquired, coaching takes practice. </s>"
"uesp.net","<s> He chose to take his own life rather than lose control. </s>"
"springfieldspringfield.co.uk","<s> Taking on statue commissions just to make ends meet. </s>"
"sas.com","<s> Find the best scenario and take the best action. </s>"
"truecovenanter.com","<s> Take no rest till ye be justified before God through Christ. </s>"
"bettertransport.org.nz","<s> Solar electric panels are available that take the place of roofing. </s>"
"nsw.gov.au","<s> Students will take home a selection of completed paintings. </s>"
"secteuretablissement.org","<s> Take it where you can find it. </s>"
"jobs.net","<s> Attends official meetings and takes minutes when applicable. </s>"
"mrsc.org","<s> Mutual assent generally takes the form of an offer and acceptance. </s>"
"meetmarketadventures.com","<s> A man who is fit and takes care of his health. </s>"
"trans4mind.com","<s> We take our place in the world. </s>"
"cortlandreview.com","<s> Samuel took off his shoes and stared at her. </s>"
"fecalface.com","<s> Take this with a grain of salt. </s>"
"minitokyo.net","<s> The Shadow Hearts sequel once again takes up a dark atmosphere. </s>"
"blackraptor.net","<s> I believe our killer took a shower after handling the bodies. </s>"
"sherriallen.com","<s> Avoid it by taking a few simple steps now. </s>"
"coccyx.org","<s> Th wound took longer to heal because of this. </s>"
"bluegrassmessengers.com","<s> So de debil take all de man fish. </s>"
"rafjever.org","<s> This took all morning and they were stood down on return. </s>"
"bestviva.net","<s> It may take two to three months to notice. </s>"
"mcsweeneys.net","<s> You should definitely take action and do even more. </s>"
"hypebot.com","<s> It was hard to get taken seriously at first. </s>"
"dynamicdrive.com","<s> Take the script out and the waste space disappears. </s>"
"lvandenberghe.net","<s> It only took two hours but those were two rough ones. </s>"
"triggerfinger.org","<s> That dramatically limits the public policy responses that can take place. </s>"
"wikipedia.org","<s> She was successful with the purchase taking place later that year. </s>"
"the-attic.net","<s> Nobody is the bandleader; nobody takes initiatives. </s>"
"rnz.co.nz","<s> But getting trans-Tasman has taken a bit longer. </s>"
"refinery29.com","<s> The alleged incident took place on Friday, November 27. </s>"
"cynulliad.cymru","<s> Members may ask Emergency Oral Questions which are taken without notice. </s>"
"baltimoremd.com","<s> Take the ramp towards GW Parkway North. </s>"
"keywordspy.com","<s> This 1960s project took place at Pacific Northwest Laboratory. </s>"
"centurionjewelry.com","<s> The jeweler position, however, took longer. </s>"
"lapierrebikes.ca","<s> He took 10th place in the qualifs! </s>"
"summitpost.org","<s> Take the rightmost track and park otherwise. </s>"
"firstthings.com","<s> Feminists have taken similar liberties with history. </s>"
"newindianexpress.com","<s> Similar efforts are being taken in Yadgir. </s>"
"groklaw.net","<s> The Court takes the matter under advisement. </s>"
"iamareader.com","<s> Desperate Lullaby took 5 years to complete. </s>"
"tourhound.co.uk","<s> The best overlanding trip I have taken . </s>"
"focusonsuccess.info","<s> But you must hurry, before this free offer is taken down. </s>"
"vitamins-minerals-supplements.org","<s> As tablets and capsules, 2 to 6 doses taken orally daily. </s>"
"asianage.com","<s> The problem is that this decision was taken without application of mind. </s>"
"endtheoccupation.org","<s> The ads drew a handful of complaints and were temporarily taken down. </s>"
"vineyardgazette.com","<s> The alleged thefts took place between Oct. 18 and Nov. 29. </s>"
"travelchinaguide.com","<s> It takes 20 - 30 minutes and costs CNY3 per person. </s>"
"nerdlocker.com","<s> A Pixar movie that takes place inside the human mind? </s>"
"kilkennypeople.ie","<s> The adviceline is also taking bookings for January 2020. </s>"
"earthrainbownetwork.com","<s> One woman said she was taking only facial-care products. </s>"
"slashcity.net","<s> Toby took deep breaths to calm his out-of-control nerves. </s>"
"jwildfire.org","<s> This takes balancing the transform weight and the xaos. </s>"
"naturalhealth-supplements.com","<s> Uterus infections can be prevented by taking herbal medicines. </s>"
"openspaceforum.net","<s> A very important decision concerning global social processes was taken in Parma. </s>"
"spaanjaars.com","<s> I''m taking classes in it in a couple weeks. </s>"
"bicyclenewswire.com","<s> Again, it takes the Crest a mere 10 minutes. </s>"
"wimborne.co.uk","<s> This should take only a few seconds, with experience. </s>"
"inmarsataviation.com","<s> Others take orders outbound, and deliver on the return. </s>"
"unleashingreaders.com","<s> Why did Arthur agree to take care of the bear? </s>"
"valleyjournal.net","<s> The drawing will take place at the Aug. 27 dinner. </s>"
"motorsport.com","<s> So, we only took the downside of those decisions. </s>"
"teachforus.org","<s> I''m supposed to take ownership and solve the problem. </s>"
"twopercentco.com","<s> But take the liquid restrictions we''re going through now. </s>"
"soapsindepth.com","<s> How much more drama can Carly take in her life? </s>"
"freecriticalthinking.org","<s> We take the risks, guess who gets the rewards? </s>"
"fisherphillips.com","<s> Sarah Moore provided her take on the case. </s>"
"nurserecruiter.com","<s> A car takes over three hours to get to Anchorage. </s>"
"wbarchive.ca","<s> SO for HER I posted my must take beach pictures. </s>"
"fembotwiki.com","<s> Mike and Jenny quickly went to work taking her apart. </s>"
"gpsmycity.com","<s> Take this tour to discover the city''s most beautiful bridges. </s>"
"wyomingpublicmedia.org","<s> They did what all hackers do; they took shortcuts. </s>"
"goldenrankings.com","<s> I''d make him take a basketball home. </s>"
"wikipedia.org","<s> During takes , he went up as entertainment for everyone. </s>"
"mndassociation.org","<s> I''m staying positive and taking each day as it comes. </s>"
"newmediaexplorer.org","<s> I have been taking Lipitor for 7 years. </s>"
"flinders.edu.au","<s> The Pasadena clubs have taken a stand in favour of censorship. </s>"
"2gn.com.au","<s> It''ll all be taking place between one and three pm. </s>"
"nwmindia.org","<s> The complaint has to be taken forward,"" she said. </s>"
"airshows.org.uk","<s> Local acts were also bale to take part. </s>"
"garnetandblackattack.com","<s> Bryce took an official visit to N.C. State earlier this week. </s>"
"sttheresechurchalhambra.org","<s> He started climbing, taking with him only what was needed. </s>"
"opinionatedlesbian.com","<s> We''re taking over, after all. </s>"
"looper.com","<s> Mothers are supposed to take care of their children, right? </s>"
"bababooks.org","<s> For example, take a person who is doing a job. </s>"
"thebusinessyear.com","<s> Do you take part in infrastructure projects in Azerbaijan? </s>"
"traveldepartment.co.uk","<s> An escorted tour, however, will take care of everything. </s>"
"ditext.com","<s> It takes decades, not years, to rebuild an economy. </s>"
"collabforge.com","<s> The Department also demonstrated a willingness to take risks. </s>"
"inyourheadonline.com","<s> Bailey tweeted that he had never taken PED. </s>"
"role-player.net","<s> Taking it from the very bottom, the edge. </s>"
"corporations.org","<s> The interruptions from the Stars Wars contracts had taken their toll. </s>"
"theboc.info","<s> Then, take this short online quiz based on the material. </s>"
"yogadownload.com","<s> Has it protected you from taking responsibility, or being vulnerable? </s>"
"samoanews.com","<s> This great shot was taken by Joe Hamby. </s>"
"thetenor.co.uk","<s> Dress up in costumes and take a selfie. </s>"
"washingtonpost.com","<s> And it would only take a few days. </s>"
"theboneyard.org","<s> Let your friends take the lead this time! </s>"
"benefitslink.com","<s> Plan states all time has to be taken or lost. </s>"
"astroved.com","<s> Even small steps taken will work out in your favor. </s>"
"servicepluslimo.com","<s> We will take you to various hot spots in city. </s>"
"realestaterama.com","<s> Now we need to take care of that. </s>"
"jobbound.com","<s> It seems like some of the other projects are taken . </s>"
"australasianscience.com.au","<s> Why does it take time for exercise to impact sleep? </s>"
"doc.gov","<s> They are well suited to take on this risky enterprise. </s>"
"adult-fanfiction.org","<s> I was just too weak to even take a breath. </s>"
"criticine.com","<s> It is normal for them to take photos with corpses. </s>"
"thedrive.com","<s> Take a second to digest all of this. </s>"
"dysartreporter.com","<s> Eggs take anywhere from two to 10 kilometers to hatch. </s>"
"fitflex.com","<s> Do not take it on an empty stomach. </s>"
"whatsupyasieve.com","<s> And they took a photo just for me! </s>"
"novelspot.net","<s> Authors take a great deal of time composing these stories. </s>"
"senate.gov","<s> Will they take these products off the market this week? </s>"
"vanlines.com","<s> Take a look on their rules and policies. </s>"
"debaillon.com","<s> Time is long overdue for them to take the seat. </s>"
"merwolf.com","<s> Kerry took it all in a series of vivid impressions. </s>"
"mgaguru.com","<s> The drawing below is taken from the Service Parts List. </s>"
"wikipedia.org","<s> Bob Jones III then took the title Chancellor. </s>"
"wikipedia.org","<s> Marks took the initiative to create one on his own. </s>"
"hoohaa.com","<s> I felt guilty taking sick days. </s>"
"basic-english.org","<s> That is how he takes the fruit from the high shelf. </s>"
"workopolis.com","<s> Encourage members to take advantage of other club services and programs. </s>"
"kevincraig.info","<s> It took me more than 20 years to write them all. </s>"
"rochesterenvironment.com","<s> The main reason birds take flight is changing seasonal temperatures and food availability. </s>"
"highedweb.org","<s> He was deaf but nobody took the time to do anything. </s>"
"dreamwidth.org","<s> Takes place after this log but before this one. </s>"
"rediff.com","<s> We break laws with impunity and take pride in doing so. </s>"
"silverthought.com","<s> But at least you could take art classes there. </s>"
"bravopost.com","<s> Take a look and see for yourself! </s>"
"arcticportal.org","<s> During this event the first part of this seminar took place. </s>"
"garabandal.org","<s> The ecstatic walks took different forms. </s>"
"blogspot.com","<s> I was just taking on the care of my elderly mother. </s>"
"gigglypig.co.uk","<s> We take great care of all of our pigs. </s>"
"france24.com","<s> What does it take to produce a good red carpet photograph? </s>"
"nativeamericannetroots.net","<s> They took advantage of arroyo flooding and sheetwash during summer rains. </s>"
"onestopstrategy.com","<s> Anyone remember the last time that combination took to the track? </s>"
"gameshownewsnet.com","<s> Jason: And I guess it took a while. </s>"
"bookriot.com","<s> Take that into account when choosing what to bring. </s>"
"fqxi.org","<s> Take care and look at what you really mean. </s>"
"nccg.org","<s> Remember you are taking a course that will affect you forever. </s>"
"salem-news.com","<s> Call them paranoid, dishonest, criminal, whatever it takes . </s>"
"calvert-trust.org.uk","<s> To fulfil a contract or take steps linked to a contract. </s>"
"ibtimes.com","<s> Officials will later take it to a reptile sanctuary. </s>"
"reformedfellowship.net","<s> Take the times of singing of which you wrote. </s>"
"simplysearch4it.com","<s> How many seconds does it take for a collision to happen? </s>"
"classic-literature.co.uk","<s> I took out several pieces and put them on the table. </s>"
"niemanwatchdog.org","<s> Most nations were forced to take sides one way or another. </s>"
"hostelelf.com","<s> We do not recommend taking a cab from a train station. </s>"
"footballsfuture.com","<s> We will never go farther than where our quarterback takes us. </s>"
"rocketmansports.net","<s> Take Los Angeles using the Run Line. </s>"
"bhn.net.au","<s> Remember, post-baby weight loss takes time! </s>"
"wikipedia.org","<s> The 1989 Peach Bowl took place on December 30, 1989. </s>"
"christyyuncker.com","<s> Millie walks forward and aligns herself, ready to take off. </s>"
"npc.org.uk","<s> The resignation to take effect before the next OGM was noted. </s>"
"mediamaker.co.uk","<s> It takes advantage of the capacitive screen button in cardboard V2. </s>"
"wikipedia.org","<s> He took over as interim head coach after Hollins was fired. </s>"
"indymedia.ie","<s> These investors in Detroit caught a dose and are taking civil action. </s>"
"freecontentarticles.net","<s> Don''t get taken apart trying to pull off an unnatural position. </s>"
"oxygenxml.com","<s> The CSS display property is taken into account when determining this state. </s>"
"ahibo.com","<s> This is taking us one step closer to finalizing the process. </s>"
"articlealley.com","<s> It takes consistency in your personal appearance to convey a business image. </s>"
"hottesthealthtips.com","<s> You should always take precaution to prevent your child from dental issues. </s>"
"ultimatebass.com","<s> Selling a product takes product knowledge, and I learn very quick. </s>"
"firmroots.org.uk","<s> I continued to swim 3 miles a week and took up walking. </s>"
"futurepundit.com","<s> But all those labs take 5 to 10 years to become available. </s>"
"freeread.com.au","<s> At last these nameless fears were to take to themselves definite shape. </s>"
"rachellaudan.com","<s> First, I suspect they still take traditional nutritional theory very seriously. </s>"
"nh.gov","<s> Any action that has been taken to treat or assist the individual. </s>"
"tarheelblog.com","<s> An easy dunk takes advantage of a weakness in the zone. </s>"
"edla.com.au","<s> It is recommended that you seek permission prior to taking any photographs. </s>"
"umn.edu","<s> The supervision entailed a right to take measures motivated by security concerns. </s>"
"cmu.edu","<s> The models take the form of computer programs that simulate human behavior. </s>"
"airfrance.co.uk","<s> Take time to meditate for an incredibly intense feeling is within grasp! </s>"
"manicreaders.com","<s> I took a final peek in the mirror and was pleasantly surprised. </s>"
"bbntimes.com","<s> Reverse innovation is a valuable as forward innovation and it takes courage. </s>"
"usa-veterinarians.com","<s> This place really cares and takes the time to actually explain everything! </s>"
"flogmasterstories.com","<s> She blushed and took a big sip of her wine cooler. </s>"
"wikipedia.org","<s> A lavish coronation ceremony takes place in the capital, Dodone. </s>"
"wikipedia.org","<s> Shooting took place over six weeks with a cast of twenty five. </s>"
"alabamagazette.com","<s> Forty years ago one million Rotarians took up the challenge. </s>"
"aft.org","<s> Thurgood Marshall took the case on behalf of 20 plaintiffs. </s>"
"thenakedscientists.com","<s> How many proofs of harm versus non-harm does it take ? </s>"
"lifeinthemix2.co.uk","<s> My rescuer took off running as fast as he could. </s>"
"gutenberg.net.au","<s> So, without further ado, he took his leave. </s>"
"insidetracknews.com","<s> Corcoran flew past to take over second on lap twelve. </s>"
"mozambiquetravelservice.com","<s> The boat transfer to Dugong Beach Lodge takes approximately 45 minutes. </s>"
"dotnews.com","<s> Deborah recently took a degree in music from Berklee. </s>"
"quicktate.com","<s> Take a test to ensure you understand Quicktate''s requirements. </s>"
"efbww.org","<s> The helpline can take calls in over 100 languages. </s>"
"philadunkia.com","<s> Jrue should also take more liberties as a shooter. </s>"
"sacredvoices.com","<s> How long does it take to kindle a candle? </s>"
"bhn.net.au","<s> Take the Sunspirit Harmony essential oil blend for example. </s>"
"leighday.co.uk","<s> Therefore, he was taken to Wandsworth prison instead. </s>"
"seaslugforum.net","<s> The photos were taken by my colleague Victor Quintino. </s>"
"freerepublic.com","<s> Slacker, useless, cowardly, corrupt governments take note. </s>"
"greenleft.org.au","<s> Tricycles soaked under water will take days before they are operated again. </s>"
"animallaw.info","<s> Id. The ATA was immediately enjoined from taking northeastern offshore spotted dolphins. </s>"
"tylernorris.com","<s> Take both a regional and a neighborhood-by-neighborhood approach. </s>"
"gpwa.org","<s> We take copyright infringement very seriously. </s>"
"ipce.info","<s> The study committee took no action. </s>"
"blackraptor.net","<s> Ezra took a deep breath again. </s>"
"loe.org","<s> GELLERMAN: Where the book takes place, right. </s>"
"onlinehome.us","<s> The second scan takes two tries. </s>"
"short-humour.org.uk","<s> They took my moms wedding ring. </s>"
"wikipedia.org","<s> Fundraising took longer than initially expected. </s>"
"stardestroyer.net","<s> Then comes your plan to take the Star Trek universe. </s>"
"borntowin.net","<s> But can ""religious requirements"" take precedence over the law? </s>"
"spinmaster.ca","<s> Got what it takes for a brainy competition? </s>"
"maxxlife.us","<s> Don''t take a good night''s sleep for granted. </s>"
"indystar.com","<s> McAfee was taken to Eskenazi Health for treatment. </s>"
"mohawkcollege.ca","<s> Am I allowed to take courses during my co-op work terms? </s>"
"worlddreambank.org","<s> Whatever it take to regrow that winged unicorn. </s>"
"naxja.org","<s> Cleaned up dump trailer and took it back. </s>"
"ladydragon.com","<s> And now, we''ve taken the game one step further. </s>"
"marketoracle.co.uk","<s> Retail-price inflation will take off to the upside. </s>"
"tyler-davies.co.nz","<s> Take care, sleep well, and hugs to you both. </s>"
"radfanhunters.co.uk","<s> He takes us through the Form Bravo that orders the operation. </s>"
"textilesupdate.com","<s> Country Club: take time for a chic elegance. </s>"
"primusdatabase.com","<s> Taking them on like that, Matt. </s>"
"wikipedia.org","<s> Sensei Wu then takes Lloyd under his wing. </s>"
"kcsr.org","<s> Nearly all transactions now just take your PIN. </s>"
"cheapflights.com","<s> Take a deep breath and look for an ATM instead. </s>"
"stardestroyer.net","<s> Naturally, you take this as further proof of stupidity. </s>"
"paristransatlantic.com","<s> Everything was first take , there was no two takes. </s>"
"mymongoose.com","<s> Blair climbed up and Jim took two shots of him. </s>"
"ueunion.org","<s> But it is a responsibility the Union should take on. </s>"
"rtings.com","<s> We take these pictures for every TV that we review. </s>"
"criterionforum.org","<s> The Three Pilots This one really took me by surprise. </s>"
"franklin.edu","<s> How long does it take to get a Accounting degree? </s>"
"amblesideonline.org","<s> Continue and take the next left onto Sam Hollow Road. </s>"
"freedieting.com","<s> It takes time, but it definitely can be done. </s>"
"nytimes.com","<s> Well done, Allegheny College for stepping up and taking charge! </s>"
"emedtv.com","<s> However, not everyone who takes the medication will have problems. </s>"
"mtstars.com","<s> Say you want to take 4 hours PTO time. </s>"
"britishairways.com","<s> Flights to Denver from London Heathrow take nine hours 40 minutes. </s>"
"thebiff.org","<s> Curtis Mooney: They took your wife away in a balloon? </s>"
"latimes.com","<s> It took authorities nearly eight hours to forcibly clear protesters from the farm. </s>"
"army.mil","<s> The next day they tried to take the Village. </s>"
"tripod.com","<s> This means that the hospital can take care of high-risk pregnancies. </s>"
"efccnigeria.org","<s> Taking mug shot of suspects of crime is standard procedure in criminal investigation. </s>"
"joomlablogger.net","<s> When upgrading, always take a look at the change log. </s>"
"insead.edu","<s> Could peer-to-peer banking take over some of these more complex processes? </s>"
"princetonreview.com","<s> If I take enough practice tests my scores will go up. </s>"
"visitationmonasteryminneapolis.org","<s> We love coming here and taking turns having the full attention of mom. </s>"
"parking-net.com","<s> We take the hassle, you take the holiday. </s>"
"tvmegasite.net","<s> Pete takes a bat and hits Clark with all his strength. </s>"
"teland.com","<s> A gesture, taking in the thing which isn''t Jason. </s>"
"gamingexcellence.com","<s> For example, run up to a wall and take cover. </s>"
"hinduwisdom.info","<s> It has no authority to ask the EC to take action. </s>"
"gerrymccannsblogs.co.uk","<s> After that he took up the reins of Hello! </s>"
"lotro-wiki.com","<s> No, we need to take him by surprise. </s>"
"usa-veterinarians.com","<s> They don''t just take care of your pets. </s>"
"quantumweb.com.au","<s> Simple websites can take as little as 2-3 weeks to design. </s>"
"wikipedia.org","<s> He later took courses at Thurrock Technical College. </s>"
"fouman.com","<s> Iranian girls take a test in Isfahan. </s>"
"indiatogether.org","<s> Take the case of the Dibang project. </s>"
"addrummimages.com","<s> How can you not take a good photo? </s>"
"naharnet.com","<s> She did not say how long her visit would take . </s>"
"divorcemenforum.com","<s> Most likely she will take most of the equity anyways. </s>"
"allinhimministries.org","<s> We had also taken some used clothes up there with us. </s>"
"practical-success-secrets.com","<s> Think and decide what actions you will need to take . </s>"
"vintagegermanmotorcycles.com","<s> We take PayPal, Visa and MasterCard. </s>"
"ubcinsiders.ca","<s> Building Operations takes over Plant Ops and Utilities. </s>"
"roswellfanatics.net","<s> It had also taken more out of her than she expected. </s>"
"ourskillsforce.co.uk","<s> Have you thought about taking on an apprentice or an intern? </s>"
"marcstevens.net","<s> If you take the benefit you must also bear the burden. </s>"
"poweredby4.org","<s> And always he is there to takes the burdens from us. </s>"
"kipkis.com","<s> Take a look at the sentences for the example essays above. </s>"
"thenakedscientists.com","<s> Would someone like to take a shot at it? </s>"
"aroundlaketahoe.com","<s> These can either be eaten there or taken with you. </s>"
"tarpaulinsky.com","<s> Please understand that mailing hundreds of notices will take some time. </s>"
"olga-kurylenko.us","<s> Maybe she should take us with her next time? </s>"
"france24.com","<s> We take you on an equestrian tour of the region. </s>"
"blogspot.com","<s> And then take a haircut on it to boot? </s>"
"walklakes.co.uk","<s> So do take care if you take a walk through here. </s>"
"activiti.org","<s> Activiti will take care of the transactions. </s>"
"wikipedia.org","<s> In the championship game, Georgia took on Old Dominion. </s>"
"bike-science.com","<s> Dynamic measurements of rider motion are taken to within 1mm accuracy whilst riding. </s>"
"amhsjournal.org","<s> Eradication of communicable diseases was taken up at global level. </s>"
"pacificbulbsociety.org","<s> Photos 1-3 were taken by Nhu Nguyen. </s>"
"familylawweek.co.uk","<s> A took this up and Ms Bartley provided another brief report. </s>"
"malagacar.com","<s> Information: 12.4 kilometres long which will take approximately 5 hours. </s>"
"addictionsurvivors.org","<s> I take lo-dose aspirin twice a day to avoid blood clots. </s>"
"networkofcare.org","<s> Outcome: A plan was developed with the employers taking the lead. </s>"
"hz-journal.org","<s> And of course, they take stunning images in various visible spectra. </s>"
"ulster.ac.uk","<s> In the past months, they''ve taken a bit more interest. </s>"
"dearcupid.org","<s> I couldnt take that anymore so I started crying inside his house. </s>"
"spanderfiles.com","<s> He took Spike wrist and started to lick and then bit down. </s>"
"mql5.com","<s> It includes stop loss, take profit and a system of averaging. </s>"
"oregonstate.edu","<s> So desegregation in basketball actually took place under Paul Valenti. </s>"
"lpra.org","<s> Your feedback will be taken into account for finalising this initiative. </s>"
"squarespace.com","<s> Players take turns picking plastic eggs and pressing them on their heads. </s>"
"millsy.us","<s> Initially, it took half of Saudi Arabia''s production capacity offline. </s>"
"tasvideos.org","<s> I took a few screenshots of this movie and placed them here. </s>"
"termpaperwarehouse.com","<s> These different aspects may not all take place in the same situation. </s>"
"thearma.org","<s> A man took the hair in his hands and held it fast. </s>"
"clintonnewsrecord.com","<s> Today, North Americans are already taking more drugs than they need. </s>"
"victoriahealth.com","<s> Please take care to reduce direct contact with clothing immediately after use. </s>"
"cosmosmagazine.com","<s> He takes a seat on the sofa at right angles to mine. </s>"
"eyesonsales.com","<s> Prospective customers expect to hear these stories and rarely take them seriously. </s>"
"stokeccg.nhs.uk","<s> Alongside all of this activity interviews have taken place on local radio. </s>"
"cosforums.com","<s> A conversation like that one never took place in the third book. </s>"
"asquarterly.com","<s> Take joy in their strengths rather than focus on their vulnerable weaknesses. </s>"
"1d4chan.org","<s> My father takes the car and immediately drives us to the hospital. </s>"
"icy-veins.com","<s> We are looking to take the next step and expand our guild. </s>"
"mayanmedicalaid.org","<s> I used to take a particular path home each night after work. </s>"
"healthyplace.com","<s> I decided to stop taking any of their prescribed meds in 2010. </s>"
"hudsonvalleyvoyager.com","<s> He had a great medical staff that took good charge of him. </s>"
"wikipedia.org","<s> This established a new coronation oath to be taken by future monarchs. </s>"
"wikipedia.org","<s> The works of the artists are sold and the galleries take commissions. </s>"
"geelongaustralia.com.au","<s> Take out out-of-date and unwanted medicines to your local pharmacy. </s>"
"bishop-accountability.org","<s> Nienstedt took over as archbishop in 2008 when Flynn retired. </s>"
"uts.edu","<s> It must take place within the generation of Jesus'' contempor-aries. </s>"
"bestereaderreview.org","<s> The left-leaning arrow takes you back to the previous screen. </s>"
"bajanomad.com","<s> Let''s hope Tamorhoozits doesn''t take anyone else with him. </s>"
"gutenberg.org","<s> Believing she told the truth, they took their departure. </s>"
"hubpages.com","<s> Take Some Risks with Your Halloween Costume! </s>"
"hrmvideo.com","<s> Take out cheeseburgers and go for a veggie burger instead. </s>"
"govisithawaii.com","<s> She took this photo while visiting Waikiki Beach in August. </s>"
"wikipedia.org","<s> Yakoob takes the corpse and dumps it in the sea. </s>"
"wikipedia.org","<s> In 1856, Herman Haupt took over as chief engineer. </s>"
"author-me.com","<s> Ian took a stone and threw it at Pixly. </s>"
"writertess.com","<s> Onwueme''s achievement began to take over headlines in Nigeria. </s>"
"6502.org","<s> It takes 2 cycles for the asl, 10 cycles for next. </s>"
"bustalk.info","<s> Taken rather close up as it was travelling south along Suapa road. </s>"
"financial-planning.com","<s> Validating transactions takes less than a minute, regardless of trading volume. </s>"
"marxists.org","<s> Under this theory a conciliatory attitude was taken to the exploiting classes. </s>"
"tgfworld.org","<s> Take part in other school activities. </s>"
"klcc.org","<s> And it took a right turn. </s>"
"marketoracle.co.uk","<s> Then Reagan took a hit: the 1981-82 recession. </s>"
"phancypages.com","<s> Take a heavier jacket than necessary. </s>"
"sewonartspace.org","<s> Here everybody has to take medicine. </s>"
"advicenators.com","<s> Have you considered taking the pill? </s>"
"cttbusa.org","<s> Take careful note of this point. </s>"
"fetish-girl.net","<s> See my friend Jill Diamond taking care of Pupett. </s>"
"spglobal.com","<s> Will potential growth take a hit? </s>"
"thebluegrassspecial.com","<s> Now everybody takes it for granted. </s>"
"kkytbsonline.com","<s> The event will take place February 15-16, 2020. </s>"
"adult-fanfiction.org","<s> Alexis said, taking a puff. </s>"
"braintalkcommunities.org","<s> It took an Endocrinologist to sort it out. </s>"
"saltairevillage.info","<s> It takes place on Saturday May 2nd 10.30 am – 12 noon. </s>"
"blackraptor.net","<s> The darkly-dressed man uncorked the bottle and took a long drink. </s>"
"membertouheritagepark.com","<s> This photo taken around 1908 shows Indian people who attended the open house. </s>"
"ncregister.com","<s> But please, don''t take my word for it! </s>"
"abctales.com","<s> Take some of the women,...or the slaves. </s>"
"adult-fanfiction.org","<s> I''ll take you after, in a room alone. </s>"
"miguelito.org","<s> But neither is she oblivious to the holding pattern his life has taken . </s>"
"gutenberg.net.au","<s> You are taking matters far too seriously, believe me, you are. </s>"
"thefilmexperience.net","<s> Yet, she''s not someone to be taken advantage of. </s>"
"villainouscompany.com","<s> Take the house, take the kids, take the dog! </s>"
"nytimes.com","<s> Why did it take seven deaths for anyone to start asking tough questions? </s>"
"cambridgecivic.com","<s> As for special interest money, we don''t take it. </s>"
"adequacy.org","<s> This is a caricature of myself taking myself too seriously for one thing. </s>"
"ultimedia.com","<s> The woman called police Saturday saying Harris took her vehicle without her permission. </s>"
"academickids.com","<s> Heuristic functions take advantage of regularities in likely sets of keys. </s>"
"footballsfuture.com","<s> It took years before he really mastered the mental part of the game. </s>"
"civfed.org","<s> It may take many months of staff effort to properly allocate these funds. </s>"
"gametz.com","<s> Shipping from Britain to Finland does NOT take over three weeks. </s>"
"copynot.org","<s> He said: ""If you take musicians, for example. </s>"
"coxnewsweb.com","<s> It''s the children who have to be taken car of. </s>"
"reagentpress.com","<s> It''ll take me a while to work through them. </s>"
"trainweb.org","<s> Thanks for taking the time to do this Chris. </s>"
"kavliprize.org","<s> This may take a while, but think of the possibilities. </s>"
"simplymommie.com","<s> Yes, I''ll take that anytime, thank you. </s>"
"jhunewsletter.com","<s> Most do not take in animals that they can''t help. </s>"
"webgui.org","<s> Take a look at the HTML generated by this control. </s>"
"danceonedge.com","<s> But, you pay your money and you take your chances. </s>"
"ukgear.com","<s> Andy has been taking running tips from marathon man Mark Cooper, 27. </s>"
"tniusnews.org","<s> The fire brigade has urged Ganesh mandals to take precautions against fires. </s>"
"canadianbreastfeedingfoundation.org","<s> People taking domperidone for stomach disorders are often taking it for many years. </s>"
"theatrefest.com","<s> He signed autographs and posed for pictures until everyone was taken care of. </s>"
"issuesetcarchive.org","<s> Hupotassesthoosan is taken here as a present middle imperative, third person plural. </s>"
"uboat.net","<s> Una was taken under fire by four machine guns but was not hit. </s>"
"needcoffee.com","<s> Please bring your textbooks and proof of required prereq classes having been taken . </s>"
"harrysmart.net","<s> The images of Bianka''s breasts are taken from about 75cm. </s>"
"worldoceanobservatory.org","<s> Take their I LOVE THE OCEAN pledge today! </s>"
"thefiscaltimes.com","<s> Ben and Jerry''s Co-Founder Jerry Greenfield takes issue. </s>"
"wikipedia.org","<s> Capt. Isaiah Robinson took command of Andrew Doria. </s>"
"cargolaw.com","<s> Alert crew switched on lights, increased speed & took evasive manuvers. </s>"
"crashonline.org.uk","<s> He reckons Mastertronic takes 30% of the budget market. </s>"
"cm-life.com","<s> The haunted campus tours will take place Oct. 28-30 this year. </s>"
"dundalkdemocrat.ie","<s> Pilgrimage takes place this year from May 12 to May 17. </s>"
"historyworld.net","<s> This Union success prompts Lincoln to take a different kind of initiative. </s>"
"tour-the-point.com","<s> Keep on smiling on this ride -- Maverick takes your picture twice. </s>"
"eagleharborchurch.org","<s> First, she said, the money was taken to the marketplace. </s>"
"iwatchstuff.com","<s> If this can''t take you beyond season four, nothing will. </s>"
"housemd-guide.com","<s> House can dish it out as much as he takes it. </s>"
"religionforums.org","<s> Sorry it took me so long to get to this. </s>"
"bullworks.net","<s> Thanks for taking the time and effort to make this book. </s>"
"zimbio.com","<s> And then he just assumes he can take it. </s>"
"actionsoft.com","<s> This will take some time so please have some patience. </s>"
"adventuretravel.com.au","<s> Today''s adventure will be taken on the back of a motorbike. </s>"
"landlords.co.nz","<s> Or would the landlord have a case to also take bond? </s>"
"revach.net","<s> His mistake with Kasbi cannot be taken at face value. </s>"
"llresearch.org","<s> We take a great deal of comfort in each other''s presence. </s>"
"whocalled.us","<s> He said Austin and he was taking a survey of some kind. </s>"
"familylawweek.co.uk","<s> Frank had offered to take him into partnership and John had refused. </s>"
"diversearts.org","<s> I don''t think the blues is something that players take lightly. </s>"
"ipbhost.com","<s> What it would took these Greek ideas accept make our own twist? </s>"
"gatech.edu","<s> Harry Sharp, also a reader, takes a slightly different approach. </s>"
"forumotion.com","<s> He just followed behind her, taking a glance at the list. </s>"
"americanturners.com","<s> All items, as presented herein, take effect on January 1. </s>"
"ufl.edu","<s> Finally, take a step back and view the process holistically. </s>"
"ccmixter.org","<s> It certainly doesn''t take away from the impact of the mix. </s>"
"itcentralstation.com","<s> Also, not taking the advice of the vendor contributed to complexity. </s>"
"rediff.com","<s> I wouldn''t be surprised if people took pictures or recorded videos. </s>"
"pitchcare.com","<s> That will take time, effort and detailed product knowledge to complete. </s>"
"eventides.org.uk","<s> John S. on the foredeck, taking in the scenery! </s>"
"babycentre.co.uk","<s> Your LO isn''t naughty for taking it at all. </s>"
"simplilearn.com","<s> Take this ASM Prep test to know where you stand! </s>"
"onlinehome.us","<s> She''s going to take over the universe with technobabble. </s>"
"myths.com","<s> He squats, I jump on, we take off. </s>"
"playbill.com","<s> Kim Exum will take over the role starting this week. </s>"
"ciee.org","<s> We know creating the perfect résumé can take time and experience. </s>"
"hnn.us","<s> People with a sense of humor do not take themselves too seriously. </s>"
"sounderatheart.com","<s> I feel it is never nice to take a defeat like that. </s>"
"mlbdailydish.com","<s> How long will it take to find out whether he was right? </s>"
"wapitilibrary.ca","<s> A preacher who can take on cowboys may just fill the role. </s>"
"bodybuildingforyou.com","<s> Age is another factor that you may want to take into consideration. </s>"
"hudson-davies.co.uk","<s> It takes two to keep the spirits up and the enthusiasm going. </s>"
"termpaperwarehouse.com","<s> Understand the hidden costs of outsourcing and take steps to mitigate them. </s>"
"thirdmill.org","<s> We may take up the substance of the chapter in four heads. </s>"
"nsxprime.com","<s> It feels as if you have just taken off the parking brake! </s>"
"otcdeal.com","<s> Speak to a medical practitioner if you want advice about taking supplements. </s>"
"statenews.com","<s> But taking on the task was more work than the two imagined. </s>"
"kingdomsofarcania.net","<s> I was able to take his army and the artifact it owned. </s>"
"teamingupfordiabetes.com","<s> Figuring out the right dose for my body took some time. </s>"
"walkeretal.co.uk","<s> Everyone needs to pause for a minute and take a breather. </s>"
"samurai-archives.com","<s> It did not take them long to ready things for my death. </s>"
"cseindia.org","<s> Our views have not been taken into account in the first text. </s>"
"athel.com","<s> VOICE: And what time does that take place? </s>"
"ozarkdogs.org","<s> I would have rather taken the two 4 month old female Pyrs. </s>"
"ucsd.edu","<s> The official launch of the shared campus-wide enterprise took place on Friday. </s>"
"andalucia.com","<s> Chris Chaplow who took part in the 2004 and 2005 trip says. </s>"
"countercurrents.org","<s> Frogs sometimes take up residence here too, feeding on the worms. </s>"
"washingtonpost.com","<s> He severely undercuts his message by not taking better advantage of PowerPoint. </s>"
"ofcom.org.uk","<s> Processing these applications may take slightly longer than the normal six-week turnaround. </s>"
"uberant.com","<s> When my dietician gave me this suggestion, I was taken aback! </s>"
"peacecouncil.net","<s> Just recently, the SSN has taken on a few different projects. </s>"
"1857massacre.com","<s> Q. Who took charge of them? </s>"
"animallaw.info","<s> We take issue with this contention. </s>"
"sportsfilter.com","<s> Make the teams take some risks. </s>"
"oxfam.org","<s> Take 48 year-old Elisabeth from Turkana as an example. </s>"
"marxists.org","<s> Take , for example, the question of Republicanism. </s>"
"catholicnewbie.com","<s> It might take you a while! </s>"
"montrealgazette.com","<s> Planning only takes you so far. </s>"
"anguilla-beaches.com","<s> Take anything you need with you. </s>"
"indianexpress.com","<s> Law will take its own course. </s>"
"zedssurftravel.com","<s> Take the left turn after Mike''s. </s>"
"bailii.org","<s> Today Turkey must take a decision. </s>"
"eircom.net","<s> Will you take two negative points? </s>"
"srpublicity.co.uk","<s> However, take up was disappointing. </s>"
"adafruit.com","<s> We essentially take it for granted. </s>"
"healthunlocked.com","<s> They took me back a bit. </s>"
"tildes.net","<s> That''s what took so long. </s>"
"ezinepost.com","<s> So if we took a theme? </s>"
"blogspot.com","<s> What was once simple and taken for granted suddenly got a lot more complicated. </s>"
"koreanwar-educator.org","<s> No one may take it away. </s>"
"erbzine.com","<s> Take him down to the corral and lock him up. </s>"
"zoggavia.com","<s> Photo taken at London Heathrow in 1965, Zoggavia collection. </s>"
"whatsoninedinburgh.co.uk","<s> Ladies Night takes place on Thursday 28 November from 5pm-9pm. </s>"
"sy-thetis.org","<s> After eating, I took the first watch: 9-12. </s>"
"achingcellar.co.uk","<s> One taken by a certain Mr.Goodway, I believe. </s>"
"mdjunction.com","<s> I took another benadryl and that seems to be the best thing. </s>"
"wikipedia.org","<s> In those years many Shiites of central Asia took refuge in India. </s>"
"realfamiliesrealanswers.org","<s> Take Back Your Marriage by William J. Doherty. </s>"
"rolereboot.org","<s> So, I took up running. </s>"
"spaghetti-western.net","<s> Django Shoots First doesn''t take itself too seriously. </s>"
"princeton.edu","<s> After this, C took off. </s>"
"wikipedia.org","<s> In January 1994, Carlton took over Central Independent Television. </s>"
"arthritisforum.org.uk","<s> You have to take some vitamines for your bones. </s>"
"austech.info","<s> They told me to take it to a repairer. </s>"
"therck.org","<s> Yohji took a moment to kiss the top of Schuldig''s head. </s>"
"mysterioustibet.com","<s> The classic drive from Lhasa to Ngari takes about three days. </s>"
"blackraptor.net","<s> They both watched as Ezra took a large lead away from first base. </s>"
"therugbytown.co.uk","<s> Please note that bookings for kids go free can''t be taken online. </s>"
"crosscut.com","<s> As men went into uniform, women took their places at these companies. </s>"
"unc.edu","<s> In handling the goods we needed two profits, and started taking those. </s>"
"wordsforgood.org","<s> The videos seen below were taken of China skies in September of 2010. </s>"
"team-bhp.com","<s> The data breach took place in July 2018, according to the hacker. </s>"
"indymedia.org","<s> And if no returns are anticipated on investment, no investment takes place. </s>"
"spindleworks.com","<s> Oh yes, Pilate, but God is taking minutes today too. </s>"
"bigmedicine.ca","<s> Officials were able to track down 37 people who agreed to take part. </s>"
"aloe-vera2u.co.uk","<s> It can also be taken after training to help kick start protein synthesis. </s>"
"washingtonpost.com","<s> McCain was taking positions that he new were not worthy of voters choice. </s>"
"gutenberg.net.au","<s> But scarcely had she taken two steps when she froze rigid with fear. </s>"
"cleveland.com","<s> Best Buy takes Black Friday seriously. </s>"
"sciencelearn.org.nz","<s> It sometimes takes a long time for new scientific knowledge to become widespread. </s>"
"kfionline.org","<s> This is so whether you take a simple cycle wheel or human nature. </s>"
"thebereancall.org","<s> Your sins were taken away because of the suffering that you went through. </s>"
"tasvideos.org","<s> We ended up getting 3 scrolls that take very little time to obtain. </s>"
"safran-arts.com","<s> Give me liberty, or I''ll take it by force! </s>"
"mfa.org","<s> The wood is close-grained with a satinny texture that takes nice polish. </s>"
"wikipedia.org","<s> Oxegen 2011 was the eighth Oxegen festival to take place since 2004. </s>"
"roswellfanatics.net","<s> Max couldn''t take the risk, now could he? </s>"
"faramirfiction.com","<s> He had no qualms about making his horse take uneven rutted paths. </s>"
"localtable.net","<s> Take home and replant into a pot of loosely packed potting soil. </s>"
"marcandangel.com","<s> It takes one positive thought to overpower an entire array of negative thoughts. </s>"
"filmsite.org","<s> Alicia accuses Tira of taking an interest in Kirk''s wealth. </s>"
"braintalkcommunities.org","<s> Besides I am already taking Keppra for seizure''s. </s>"
"brighthouse.co.uk","<s> Finally, only take on what you can afford to repay. </s>"
"merriam-webster.com","<s> In what contexts can disconcert take the place of abash? </s>"
"fpp.co.uk","<s> The editors of the National Post seem to take the same consolation. </s>"
"sleepanddreamdatabase.org","<s> There are taking me to Rochester because I have a class scheduled. </s>"
"onmuscletissue.uk","<s> Blindly I believe him because I started to take it regularly. </s>"
"elitedaily.com","<s> Take Billie Eilish''s quote about her first kiss, for example. </s>"
"earthwidemoth.com","<s> And I''ll take into account the rendering at a lower quality. </s>"
"ihavenet.com","<s> Most of these additions have taken the form of U.S. Treasury securities. </s>"
"mmorpg.com","<s> This will, of course, take them through various Quests. </s>"
"gutenberg.ca","<s> You remember I didn''t take them very seriously at the time. </s>"
"safarilodges.com","<s> We are not in a malaria-free area, take your precautions. </s>"
"arcamax.com","<s> Let''s take Brazile''s advice and judge Harris on her record. </s>"
"durhamfpa.com","<s> Durhamfpa.com takes your personal privacy seriously. </s>"
"tributes.com","<s> Balestreri''s life took a different turn. </s>"
"clothroads.com","<s> The Peruvian weavers took workshops too. </s>"
"mashpedia.net","<s> Sam hides as Orcs appear and take Frodo with them. </s>"
"wikipedia.org","<s> Their place in Super League was taken up by Widnes Vikings. </s>"
"letusreason.org","<s> Vicarious- to take a place of another as a substitution. </s>"
"bellaciao.org","<s> It''s not the government that should take care of your needs. </s>"
"flightseeing.us","<s> Bring your checkbook because they don''t take plastic or cash. </s>"
"mangatutorials.com","<s> Ok, now take out the model you just finished base coating. </s>"
"sweasel.com","<s> I''ll take a picture of the outside of the bag later. </s>"
"spinditty.com","<s> Therefore, feel free to take your time building up your collection. </s>"
"jamesbrennan.org","<s> Of course the bigger the number, the longer it will take . </s>"
"thecountyrecord.net","<s> After his time in college Bud decided to take a flying lesson. </s>"
"savingjews.org","<s> The Zbiks took them in and kept them for two months. </s>"
"vigilant.org","<s> However, you can and should take steps to address the comments. </s>"
"forcedbihusbands.com","<s> Jordan and her drunk husband Les take a cab after a party. </s>"
"garagegames.com","<s> Can someone take a quick look and tell me what''s wrong? </s>"
"lightorama.com","<s> Once you have the timings in place, your creativity takes over! </s>"
"salesmanagementmastery.com","<s> As a sales manager, take few lessons from Coach Rex Ryan. </s>"
"dauphincountyhistory.org","<s> It was likely taken from the Cumberland Valley Railroad Bridge about 1935. </s>"
"gutenberg.net.au","<s> Chaffee–Jim Chaffee took me to the canyon. </s>"
"cicerone.co.uk","<s> At Calarasi we took the ferry across to Silistra. </s>"
"technicalfault.net","<s> Let''s take a step back. </s>"
"twilighted.net","<s> I''ll take care of it. </s>"
"cinematreasures.org","<s> It was all I could take . </s>"
"solarviews.com","<s> See PIA08324 for a similar view of Earth taken during this observation. </s>"
"swimmingholes.org","<s> From the parking area, take the Cabe Lands Trail. </s>"
"hhs.gov","<s> So take a look and see what you think. </s>"
"wexdon.com","<s> Our initial appointment is free of charge – no matter how long it takes . </s>"
"relationshipexpert.co.uk","<s> Everybody takes different paths in life and has their own individual hopes and dreams. </s>"
"illinois.edu","<s> Photo taken by Marci Rockey with permission. </s>"
"visitnorthwest.com","<s> I take my daughters and their families for a day out. </s>"
"iptv.org","<s> And how long will it take ? </s>"
"fcemhs.org","<s> All activities taking place in the assessment center are documented and disseminated as needed. </s>"
"indiaoverland.biz","<s> It will take a lot of peace to get me back. </s>"
"pastglobalchanges.org","<s> Photography is taken from a 5 mm long thin section with light from underneath. </s>"
"gunloads.com","<s> I hope they "" take "". </s>"
"hawaii.edu","<s> Courses taken via consortium will be taken into account when determining satisfactory academic progress. </s>"
"euractiv.com","<s> But it will take some time until we get there. </s>"
"addisonindependent.com","<s> The hunter must field dress the bear before taking it to a reporting station. </s>"
"britishairways.com","<s> Afterwards, take to the bars of Duval Street. </s>"
"kiteboarder.com.au","<s> Very quickly after accident happen local people blocked the road until firefighters took over. </s>"
"tracrevenues.com","<s> The poor man was taken to the police without evidence and in terrible pain. </s>"
"ozebook.com","<s> These shots were taken by Frank Bischoff from Sachsenring. </s>"
"wikipedia.org","<s> They had made a policy decision in 1995 to take cases involving youth issues. </s>"
"aboutplannedgiving.com","<s> Take me afresh into that place of deep knowing of Your love. </s>"
"openbsd.org","<s> This option may take one or two arguments, separated by whitespace. </s>"
"cookeryonline.com","<s> They should take no more than 1-12 to 2 minutes to cook. </s>"
"austvetmatters.net","<s> Brain has taken up the Tribunals valuable time with his fraudulent endeavours. </s>"
"pireport.org","<s> Fauvailili has taken the bronze medal in the 75 kilogram middleweight division. </s>"
"kenyalaw.org","<s> The 1st appellant was taken to the Thika Nursing Home for treatment. </s>"
"bodyspeak.com","<s> Most of us take the verticality of our bodies for granted. </s>"
"antionline.com","<s> Please take a look and see if the cache has stayed cleared. </s>"
"englishharbourartsassociation.com","<s> Take a look at our list of equipment available in the lab. </s>"
"sovereign.org.uk","<s> Enjoy taking control of your home at a time that suits you. </s>"
"adult-fanfiction.org","<s> He took the rose from his hat and dropped it on her. </s>"
"pensionsauthority.ie","<s> You can take action should you have a complaint about your pension. </s>"
"jewishworldreview.com","<s> It would probably take a leftist to make that kind of case. </s>"
"al.com","<s> But he also promised to fight to see all sections take effect. </s>"
"tributes.com","<s> I met Laurel briefly, taking Liz to a High School reunion. </s>"
"nice.org.uk","<s> The prescriber should follow relevant professional guidance, taking full responsibility for the decision. </s>"
"learn-and-play-online-chess.com","<s> Our next journey takes us into Thailand as we explore chess Thai style. </s>"
"informationng.com","<s> Women love to see initiative taken (in every area of life). </s>"
"bewilderingstories.com","<s> For that reason we take our ""long road"" guideline very seriously. </s>"
"openscrolls.net","<s> When Ariel finally regained her senses, she took note of her surroundings. </s>"
"thealmightyguru.com","<s> It''s amazing how much space music takes up, even when compressed. </s>"
"dmctalk.org","<s> It only takes one bozo to spot it and swipe it though. </s>"
"libcom.org","<s> The quotes we''ve used in the article below are taken from these. </s>"
"microsoft.com","<s> I''m sorry this is taking so long to get off the ground. </s>"
"socialanxietydisorder.net","<s> Medication can prove to be very effective, especially if taken with psychotherapy. </s>"
"uncg.edu","<s> The remaining semester hours are taken in the University outside the Residential College. </s>"
"tf2chan.net","<s> The RED Scout nods, taking a step away from his own side. </s>"
"britishfantasysociety.org","<s> I real labour of love from Darrell which took a number of years. </s>"
"archiveofourown.org","<s> He took her on the biggest tour he''s ever taken anyone on. </s>"
"listoid.com","<s> Cause and Effect Essay Help is our leading service that mostly students takes . </s>"
"americancarbonregistry.org","<s> She has taken on this challenge fearlessly, thanklessly and with enthusiasm. </s>"
"arcworld.org","<s> But today the faithful are taking a more pro-active stance, he said. </s>"
"thetransitionnetwork.org","<s> Members will take turns each month choosing the moderately-priced restaurant and making arrangements. </s>"
"entertainmentrundown.com","<s> This is the mogul''s fourth time taking the top honors in five years. </s>"
"unmeetings.org","<s> Collectively, we must continue to take concerted action to address those challenges. </s>"
"mnwelldir.org","<s> I also kept a better diet, took supplements and did some juicing. </s>"
"cowboyway.com","<s> A few actions should be taken in order to control the helminths'' intrusion. </s>"
"rorkesdriftvc.com","<s> Taken with previous orders i wonder how Durnford interpreted this order upon receipt. </s>"
"goldenarticles.net","<s> This step is often the most challenging and may take the best time. </s>"
"devonformularyguidance.nhs.uk","<s> Care must be taken if driving or when operating any type of machinery. </s>"
"scoop.co.nz","<s> Our unit would not take steps to identify and deal with combat stress. </s>"
"oberlin.edu","<s> It took only moments for the wind to whip my umbrella inside out. </s>"
"flashghetto.com","<s> Take to the table and try and score more goals than your opponent. </s>"
"tasvideos.org","<s> Takes a lot of time to use due to extremely much extra animation. </s>"
"waitakereranges.org.nz","<s> Tree death can take many years depending on the size of the tree. </s>"
"pwc.co.uk","<s> Knowledge is the greatest thing you can take away from an employer event. </s>"
"gundogsonline.com","<s> You need to take a few steps and turn to face your dog. </s>"
"scottish-land-court.org.uk","<s> It had happened when they had been shifting cattle to take them in. </s>"
"bitcoincore.org","<s> Then you can find archival nodes that take a certain window or something. </s>"
"money.co.uk","<s> Take a new meter reading and contact your supplier to update your account. </s>"
"findatradeinfrance.com","<s> I will forward the drawings to anyone interested in taking on the project. </s>"
"livingwithpsc.org","<s> I would suggest trying to take more control over what your situation is. </s>"
"adhdfraud.net","<s> Does the body know when they are taken legally as opposed to illegally? </s>"
"wikipedia.org","<s> High gallery which takes its name from its resemblance to a natural forest. </s>"
"wikipedia.org","<s> These injuries could have taken place only when he was outside the pool. </s>"
"berdyaev.com","<s> The Patristics were steeped in philosophic elements, taken from Greek philosophy. </s>"
"letfreedomringblog.com","<s> If Democrats publicly take Biden''s candidacy seriously, President Trump doesn''t. </s>"
"westerntractmission.org","<s> I was approx. 6 years old when I started taking lessons from WTM. </s>"
"tremulous.net","<s> Also anyone is free to take content from my tips for newbies thread. </s>"
"crmsearch.com","<s> The disruptors take a different path. </s>"
"boards.net","<s> He took a moment to recuperate. </s>"
"tredz.co.uk","<s> BMX''s are built to take abuse. </s>"
"fosspatents.com","<s> I already took a clear position against injunctions over standard-essential patents in 2010. </s>"
"msri.org","<s> The 2020 ADJOINT workshop took place June 15-26 virtually due to COVID-19. </s>"
"jimocnj.com","<s> Q. How long will it take to create my Sundance Replica? </s>"
"1d4chan.org","<s> They take a variety of forms, some humanoid, some not. </s>"
"drwhoguide.com","<s> Then the Emir came in and took over Lydda. </s>"
"schoolguides.com","<s> How comfortable do you feel taking calculated risks toward solving a problem without detailed direction? </s>"
"bostonleadershipbuilders.com","<s> Do I take you with me? </s>"
"business2community.com","<s> What you don''t know can take you a long way. </s>"
"ucr.edu","<s> We''ll take it from there. </s>"
"lightisreal.com","<s> I created the goal, understood the experiences I wanted and took bold action. </s>"
"alivepluspharmacy.com","<s> Who should not take the OPTIFAST® VLCD Program? </s>"
"arvojournals.org","<s> Not taking visual factors into account may result in inadequate service delivery and healthcare provision. </s>"
"guggenheiminvestments.com","<s> Investors should focus on credit quality amid further spread tightening as tax cuts take effect. </s>"
"attackpoint.org","<s> I took a south route around the bay of cows and Rich went north. </s>"
"primalforceproducts.com","<s> Therefore, you should always consult a physician before taking herbs and other supplements. </s>"
"wikidot.com","<s> We''ll go around the back way and take a look. </s>"
"bulgariapropertyrentals.com","<s> Uphill walk 1000m, it takes about 7h. </s>"
"motorsport.com","<s> I''ll take a look"". </s>"
"konnectme.org","<s> You will find essential things to take into consideration before contact artists, however. </s>"
"888casinouk.co.uk","<s> She takes control of rules, while he is a little eager for sports. </s>"
"sustainablebusinesscouncil.org","<s> The actions taken during this unfortunate life event may determine many things about their future. </s>"
"adult-fanfiction.org","<s> Squall''s eyes fluttered closed as Seifer took him in his mouth. </s>"
"wikipedia.org","<s> The panel played clips of players taking obvious fake dives from the games played overnight. </s>"
"blackraptor.net","<s> Got me taken in by my Kiowa grandfather ''til he died. </s>"
"coastnews.com","<s> But they didn''t take mine, you idiot, she wailed. </s>"
"bigwolfoncampus.org","<s> Tommy should take up singing for a career, Lori shoudn''t! </s>"
"technovelgy.com","<s> Take a look at the television coverage from the city of Dresden. </s>"
"dennisfox.net","<s> Indeed, North American critical psychologists have taken three overlapping but conceptually distinguishable approaches. </s>"
"techdreams.org","<s> Yes as my broadband connection takes long time to load a high resolution videos. </s>"
"wbcsd.org","<s> Collaboration for me is about taking collective risks and embracing collective entrepreneurship and innovative. </s>"
"rfcom.ca","<s> Details of cell phone use were included in the history taken from each man. </s>"
"imls.gov","<s> I don''t feel the photos I took are phenomenal, nor particularly interesting. </s>"
"goldkeys.com","<s> I take a long acting insulin which must be taken at fairly fixed times. </s>"
"makeupandbeautycare.com","<s> The pressure took its toll and both decided they should go their separate ways. </s>"
"abovenet.co.uk","<s> I took a long walk down an abandoned first floor hallway to the elevator. </s>"
"wikidot.com","<s> He hears the second question and he takes a deep breath to explain himself. </s>"
"wikipedia.org","<s> The path taken is that which best serves the needs of a particular project. </s>"
"travisa.com","<s> If a country arbitrarily changes consular fees, reciprocal action generally will be taken . </s>"
"bellaciao.org","<s> It took 75 volunteers six hours to put together the coffins, Elder said. </s>"
"stason.org","<s> If you become pregnant while taking butabarbital, notify your doctor promptly. 2. </s>"
"wikipedia.org","<s> Egg development can take 30 to 45 days before a 1st instar larvae merges. </s>"
"boydharris.co.uk","<s> I didn''t take any pictures as I wanted to enjoy the show. </s>"
"stumblingoverchaos.com","<s> Anyway, this was taken Saturday at 4:30 pm from inside my car. </s>"
"sdc.com","<s> However, thanks to the PC crowd we take ourselves way too seriously. </s>"
"washingtonexaminer.com","<s> Chang extended his hand and Fred took it, and they shook hands. </s>"
"bikesportmichigan.com","<s> I''ve done this three times before and I know what it takes . </s>"
"southtahoenow.com","<s> All activities will still take place around the Visitor Center, as usual. </s>"
"msn.com","<s> For a urinary tract infection, for example, you take an antibiotic. </s>"
"accessinfohub.com","<s> This takes time and practice, but the effort is all worth it. </s>"
"bestjobdescriptions.com","<s> One may take up a master''s degree in nursing or a doctorate degree. </s>"
"modthesims.info","<s> Homework isn''t done any faster than it would take a normal teen. </s>"
"cosmoetica.com","<s> She rushes by him, and takes the gas pipe to the stove. </s>"
"mobileread.com","<s> If anything I wrote suggested otherwise, I''ll happily take it back. </s>"
"groklaw.net","<s> Therefore, he decided to take legal action in a more formal way. </s>"
"weddingwire.com","<s> After we told them what we wanted, they took care of everything. </s>"
"indymedia.org","<s> Tens of thousands took to the streets in Hong Kong demanding democratic reforms. </s>"
"nautil.us","<s> They''re taking the higher-end estimate to say 50 to 80 percent genetic. </s>"
"tertullian.org","<s> The king kept his promise, and Caranus took possession of the territory. </s>"
"mediaman.com.au","<s> Filming will take place near Broken Hill, New South Wales. </s>"
"ssdrc.com","<s> Hearings also take an extraordinary amount of time to get to. </s>"
"arthritisforum.org.uk","<s> And it can take a month or two to get money through. </s>"
"excusemeformyvoice.com","<s> Some people go hiking or take the boat out on the lake. </s>"
"defiancewrestling.com","<s> Douglas takes the stage trailed by ""The Idol"" Terry Anderson. </s>"
"maustsontoast.com","<s> I heard as a crouched to take the picture you see below. </s>"
"googobits.com","<s> It would take an inordinate amount of time to gain a payback. </s>"
"emeraldecocity.com","<s> It takes a much-larger community-wide perspective, and a scalable demonstration project. </s>"
"emory.edu","<s> In addition, second- and third-year students may take two writing electives. </s>"
"fb.org","<s> Take action online via alerts sent by AFBF and your state Farm Bureau. </s>"
"selil.com","<s> She successfully finished her MSF course and took the written from the state. </s>"
"articleadvocates.com","<s> If you are not getting enough vitamins from good, take multivitamin supplements. </s>"
"mit.edu","<s> What does this mean for REXIS and where the sample is taken from? </s>"
"wikipedia.org","<s> Then Apollo himself replaced the charioteer and took the reins in his hands. </s>"
"adult-fanfiction.org","<s> Inuyasha refused to take any chances. </s>"
"barkbusters.com.au","<s> Most Poodles readily take to water. </s>"
"wing-heart.org","<s> Cornet''s skills all take after sweets. </s>"
"paradoxomni.net","<s> Twill take me hours to complete. </s>"
"litcharts.com","<s> Joana and Lina take a walk along the Baltic Sea. </s>"
"wikipedia.org","<s> She took her GCSEs at Robertsbridge Community College. </s>"
"netlibrary.net","<s> Philly takes the nightcap, 2-1. </s>"
"gracebibleny.org","<s> Others can develop to the same level though it could take considerable time. </s>"
"cdyn.com","<s> Take them out an turn over the contact plate to reveal the wiring. </s>"
"alaraby.co.uk","<s> Netanyahu will take over the role of defence minister on an interim basis. </s>"
"convertoldtapes.com","<s> She reached out and took the leg of rabbit and bit on it. </s>"
"spelljammer.org","<s> Billy takes out a gold piece and hands it distractedly to the waitress. </s>"
"ncra.org","<s> Do the participants take the machines home or leave them in the classroom? </s>"
"leadingcontractors.com","<s> How long does it typically take to have this type of work completed? </s>"
"bam.com","<s> The conversion took place over a period of one and a half year. </s>"
"diplomacy.edu","<s> Dissection of diplomatic documents can take place on a number of different levels. </s>"
"willisms.com","<s> Ours is a capital-intensive business where investments can take many years to develop. </s>"
"giantitp.com","<s> Buff machops are beaten, only managing to take down one elemental themselves. </s>"
"personallifemedia.com","<s> Unwrap what it takes to orchestrate deeply joyful and erotic encounters. more. </s>"
"pacificbulbsociety.org","<s> The last photo taken by Cameron McMaster near Velddrift, West Coast. </s>"
"wikipedia.org","<s> Scuderia Ferrari dominated once again at Reims, taking all three podium places. </s>"
"lifeasatrucker.com","<s> Take your payment over by: AnonymousWalker Looking to take over. </s>"
"todayintheword.org","<s> Instead, like Hannah, we can take our shame before God. </s>"
"dreamagic.com","<s> However, I was taken by surprise to see quite a few negative reviews. </s>"
"wmra.org","<s> We took a quick walk over to Blaine Avenue where the state senator lives. </s>"
"fishing.co.uk","<s> My alarm sounded and the smaller fish shot off taking line from the slack clutch. </s>"
"justicepolicy.org","<s> We can take school safety seriously without relying on disproportionate responses to typical childhood behavior. </s>"
"tripod.com","<s> The term ""thrilled"" has taken on new meanings as the century progressed. </s>"
"siubhan.com","<s> Maul took another bite of Ewok as the door slammed behind Obi-Wan. </s>"
"hillsorient.com","<s> If you fail to take action, morale goes down and stress goes up. </s>"
"jlounsburyphoto.com","<s> I often find myself guessing for which lens I should take on a shoot. </s>"
"janm.org","<s> When the soldiers came to take them away, the refrigerator was left behind. </s>"
"railroad.net","<s> I''d like to continue a discussion about taking pictures close to tracks here. </s>"
"saferproducts.gov","<s> Vornado strives to achieve customer satisfaction and takes reports of potential product safety matters seriously. </s>"
"greensonscreen.co.uk","<s> The team played an ugly type of football that I take total responsibility for. </s>"
"cosforums.com","<s> Also, do 11 year olds really take looks into account when making friendships? </s>"
"gender-api.com","<s> This number shows, how long it took the server to process the request. </s>"
"producerspot.com","<s> We took our best 808 drum samples we''ve built up over the years. </s>"
"archiveofourown.org","<s> James swallowed, taking a moment to let the anger slip from his veins. </s>"
"dw.com","<s> It took more than 500 years to build, but it was worth it. </s>"
"bhn.net.au","<s> It still takes away grease, but just enough not to strip your skin. </s>"
"skyimagelab.com","<s> This picture was taken by astronaut Eugene A. Cernan, Apollo 17 commander. </s>"
"tangentonline.com","<s> I''d take that chance, just to have that one week. </s>"
"sciencemag.org","<s> At the very least, the whole Hatch-Waxman framework has probably taken a hit. </s>"
"f4wonline.com","<s> Brooke specialized in taking bumps long before Bayley had even started reaching for her. </s>"
"imrussia.org","<s> In 2008–2009, several mass protests against forced relocation took place in Imeretinka. </s>"
"clara.net","<s> Oh - and do take a peek at the pretty paid-for designs. </s>"
"halloweenfunscare.com","<s> This will have you wanting more as our site grows and takes full effect. </s>"
"uncommonforum.com","<s> My psychologist recently told me that she had taken the car license from me. </s>"
"cbnasia.org","<s> She lives with my sister who is also taking care of her disabled husband. </s>"
"skarbek.com.au","<s> This process may take a few minutes to complete and must not be interrupted. </s>"
"accu.org","<s> The original estimate failed to take on board all the details that are required. </s>"
"placefortruth.org","<s> The police took him into custody and interrogated him for the next eleven hours. </s>"
"i-a-e.org","<s> A player can speed up the time it takes by paying extra using gems. </s>"
"worldlibrary.net","<s> The statements are to be taken as warnings for residents of a specific area. </s>"
"dailydispatch.com","<s> Please take a few minutes from your busy schedules to complete this brief survey. </s>"
"vic.gov.au","<s> It takes about 10 days for the body to adjust to night shift work. </s>"
"tamu.edu","<s> General Samuel Doe took control of Liberia under marshal law following the president''s murder. </s>"
"ukvananddriverhire.co.uk","<s> Not handling your goods with care or taking any responsibility for damages they cause. </s>"
"spectator.co.uk","<s> It is hard to think of a single decisive action that he has taken . </s>"
"kysea.org","<s> For Whitman, it''s all about taking control of your energy future. </s>"
"eteletours.com","<s> Following my ""rules"" I stopped to take a couple of pictures. </s>"
"ozarkdogs.org","<s> Taking the day ''off'' and going to Branson for lunch today. </s>"
"aginfo.net","<s> If I take the hood off, he thinks it''s killing time. </s>"
"pegasusfleet.net","<s> He decided to go to Risa in order to take a break. </s>"
"honestjohn.co.uk","<s> Then take it on a burn to try and clear the DPF. </s>"
"soulkisses.com","<s> He had to have food on his stomach to take the Piroxicam. </s>"
"giantitp.com","<s> You''ll probably be taking Greater Energy Negation, but beyond that? </s>"
"wikidot.com","<s> He takes a step to the side and out of Dragon Breath range. </s>"
"litcharts.com","<s> That summer, St. John takes Jane on a walk in the hills. </s>"
"ldolphin.org","<s> Islam took over the entire Arabian Peninsula and began spreading out from there. </s>"
"ft.com","<s> Experiences, it seems, are the souvenirs they want to take home. </s>"
"goodexperience.com","<s> But take a step back, and it hardly matters what Yahoo does. </s>"
"batr.org","<s> Edmonds took a job as a translator at the FBI shortly after 9-11. </s>"
"dosseydossey.com","<s> Era II began to take shape in the period following World War II. </s>"
"oxford-chiltern-bus-page.co.uk","<s> The Presidential Weekend will take place in Oxford on 4th – 7th September. </s>"
"goldenrankings.com","<s> The Saints O needed to take the kickoff and go down and score. </s>"
"beautyheaven.com.au","<s> Totally love this product- Ill be taking it on holidays with me! </s>"
"sierraleonetrc.org","<s> Then Pa Chako ordered that all children be taken to the barray. </s>"
"end-your-sleep-deprivation.com","<s> I currently use a CPAP machine & take 700 mg of Seroquel. </s>"
"dental-health-advice.com","<s> It''s going to take about 10 minutes to brush your teeth PROPERLY. </s>"
"coderanch.com","<s> And that''s why taking Tylenol may not really be the best way. </s>"
"washoecounty.us","<s> This statewide exercise will take place Nov. 12-14 and is only an exercise. </s>"
"cicink.com","<s> A MSDS of the product should be taken to the doctor. 2. </s>"
"fullbooks.com","<s> Lady Agatha shuddered at the recollection, and took a cup of tea. </s>"
"ubcinsiders.ca","<s> Once Pivot was on board, it seems they took over the project. </s>"
"texasescapes.com","<s> Take Exit 68 and make U-turn. </s>"
"westminster.gov.uk","<s> The NPPF must also be taken into account in the preparation of plans. </s>"
"todayifoundout.com","<s> The next day, it only took them two and a half minutes. </s>"
"cduniverse.com","<s> Britney is not qualified to be a secretary but she takes great dick-tation! </s>"
"gmu.edu","<s> And then, is there a direction you wish this poet would take ? </s>"
"sweetliberty.org","<s> He couldn''t refuse to take the drug because he was a minor. </s>"
"barbra-archives.com","<s> Jeff Bridges took on-set photographs with his Widelux F8 camera. </s>"
"reactionwheel.net","<s> Don''t take Michael Moritz''s advice. </s>"
"quickcrop.co.uk","<s> Took forver fillin it wit soil. </s>"
"businessinsider.com","<s> But the classic blue-and-silver Walkman didn''t take off right away in 1979. </s>"
"riwga.org","<s> From the SOUTH OF PROVIDENCE take I-95 North. </s>"
"ontariolandlords.org","<s> Some landlords, like Ed Belanger, took offence to Nenshi''s comments. </s>"
"1stvitality.co.uk","<s> It takes 100 drums of raw fish oil to produce 1 drum of Pharmaceutical Grade. </s>"
"halexandria.org","<s> That was before Monica took her place beside Scott without apparent notice by the men. </s>"
"governing.com","<s> Brown said the legislative action shows how seriously California is taking threats to the environment. </s>"
"pacificbulbsociety.org","<s> Photographs below were taken late August and September 2006 by Mary Sue Ittner. </s>"
"surfme.org","<s> Cee Lo Green takes his job of coaching NBC''s The Voice very seriously. </s>"
"roswellfanatics.net","<s> She takes a minute to think of what she said then laughs hysterically. </s>"
"rareddit.com","<s> It can take up to 6 minutes to die from suffocation by hanging. </s>"
"wikipedia.org","<s> The melody is taken from the Irish folk song ""Peggy Lettermore"". </s>"
"rajasthantourplanner.com","<s> Take camel ride in desert, enjoy rajasthani folk dance and dinner in desert camp. </s>"
"rexcurry.net","<s> No local district had taken advantage of the exception until the Harrold school board acted. </s>"
"wikipedia.org","<s> Suvigny took up weightlifting in 1919 while working at the Paris Métro. </s>"
"hifi-remote.com","<s> But I took another look and unfortunately it doesn''t exist in that remote. </s>"
"ncsasports.org","<s> Our Mission is to take the student athlete where he can''t take himself. </s>"
"openparliament.ca","<s> The difference between these conditions and civilian life afterwards need to be taken into consideration. </s>"
"prwatch.org","<s> From day one they were out to take away the rights of workers. </s>"
"newsmine.org","<s> Eleven senior managers at NASA headquarters in Washington also left or took new positions. </s>"
"brucegary.net","<s> It must have been extremely frustrating for warriors to resist taking advantage of the artisan. </s>"
"wildwoodtracking.com","<s> Another coach stood behind the kids and pushed them slightly until they took a step. </s>"
"softpanorama.org","<s> Or was it all mindless blind hatred because he took down their Goddess Hillary? </s>"
"mit.edu","<s> The main experiment took place at Massachusetts Institute of Technology (USA). </s>"
"phxart.org","<s> These ideas take priority over the look of the piece and its construction. </s>"
"pentaxuser.com","<s> Its taken a bit of time to find out how to post these. </s>"
"bungie.org","<s> Sorry I can''t take a picture though, no digital camera or scanner. </s>"
"ideastream.org","<s> It took place in late September but was only revealed by the Clinic today. </s>"
"indahnesia.com","<s> Yakolev takes over the polka-dot King-of-the-Mountains jersey. </s>"
